4,Jan 2001
5,Feb 2001
6,Mar 2001
7,Apr 2001
8,May 2001
9,Jun 2001
10,Jul 2001
11,Aug 2001
12,Sep 2001
13,Oct 2001
14,Nov 2001
15,Dec 2001
16,Jan 2002
17,Feb 2002
18,Mar 2002
19,Apr 2002
20,May 2002
21,Jun 2002
22,Jul 2002
23,Aug 2002
24,Sep 2002
25,Oct 2002
26,Nov 2002
27,Dec 2002
28,Jan 2003
29,Feb 2003
30,Mar 2003
31,Apr 2003
32,May 2003
33,Jun 2003
34,Jul 2003
35,Aug 2003
36,Sep 2003
37,Oct 2003
38,Nov 2003
39,Dec 2003
40,Jan 2004
41,Feb 2004
42,Mar 2004
43,Apr 2004
44,May 2004
45,Jun 2004
46,Jul 2004
47,Aug 2004
48,Sep 2004
49,Oct 2004
50,Nov 2004
51,Dec 2004
52,Jan 2005
53,Feb 2005
54,Mar 2005
55,Apr 2005
56,May 2005
57,Jun 2005
58,Jul 2005
59,Aug 2005
60,Sep 2005
61,Oct 2005
62,Nov 2005
63,Dec 2005
64,Jan 2006
65,Feb 2006
66,Mar 2006
67,Apr 2006
68,May 2006
69,Jun 2006
70,Jul 2006
71,Aug 2006
72,Sep 2006
73,Oct 2006
74,Nov 2006
75,Dec 2006
76,Jan 2007
77,Feb 2007
78,Mar 2007
79,Apr 2007
80,May 2007
81,Jun 2007
82,Jul 2007
83,Aug 2007
84,Sep 2007
85,Oct 2007
86,Nov 2007
87,Dec 2007
88,Jan 2008
89,Feb 2008
90,Mar 2008
91,Apr 2008
92,May 2008
93,Jun 2008
94,Jul 2008
95,Aug 2008
96,Sep 2008
97,Oct 2008
98,Nov 2008
99,Dec 2008
100,Jan 2009
101,Feb 2009
102,Mar 2009
103,Apr 2009
104,May 2009
105,Jun 2009
106,Jul 2009
107,Aug 2009
108,Sep 2009
109,Oct 2009
110,Nov 2009
111,Dec 2009
112,Jan 2010
113,Feb 2010
114,Mar 2010
115,Apr 2010
116,May 2010
117,Jun 2010
118,Jul 2010
119,Aug 2010
120,Sep 2010
121,Oct 2010
122,Nov 2010
123,Dec 2010
124,Jan 2011
125,Feb 2011
126,Mar 2011
127,Apr 2011
128,May 2011
129,Jun 2011
130,Jul 2011
131,Aug 2011
132,Sep 2011
133,Oct 2011
134,Nov 2011
135,Dec 2011
136,Jan 2012
137,Feb 2012
138,Mar 2012
139,Apr 2012
140,May 2012
141,Jun 2012
142,Jul 2012
143,Aug 2012
144,Sep 2012
145,Oct 2012
146,Nov 2012
147,Dec 2012
148,Jan 2013
149,Feb 2013
150,Mar 2013
151,Apr 2013
152,May 2013
153,Jun 2013
154,Jul 2013
155,Aug 2013
156,Sep 2013
157,Oct 2013
158,Nov 2013
159,Dec 2013
160,Jan 2014
161,Feb 2014
162,Mar 2014
163,Apr 2014
164,May 2014
165,Jun 2014
166,Jul 2014
167,Aug 2014
168,Sep 2014
169,Oct 2014
170,Nov 2014
171,Dec 2014
172,Jan 2015
173,Feb 2015
174,Mar 2015
175,Apr 2015
176,May 2015
177,Jun 2015
178,Jul 2015
179,Aug 2015
180,Sep 2015
181,Oct 2015
182,Nov 2015
183,Dec 2015
184,Jan 2016
185,Feb 2016
186,Mar 2016
187,Apr 2016
188,May 2016
189,Jun 2016
190,Jul 2016
191,Aug 2016
192,Sep 2016
193,Oct 2016
194,Nov 2016
195,Dec 2016
196,Jan 2017
197,Feb 2017
198,Mar 2017
199,Apr 2017
200,May 2017
201,Jun 2017
202,Jul 2017
203,Aug 2017
204,Sep 2017
205,Oct 2017
206,Nov 2017
207,Dec 2017
208,Jan 2018
209,Feb 2018
210,Mar 2018
211,Apr 2018
212,May 2018
213,Jun 2018
214,Jul 2018
215,Aug 2018
216,Sep 2018
217,Oct 2018
218,Nov 2018
219,Dec 2018
220,Jan 2019
221,Feb 2019
222,Mar 2019
223,Apr 2019
224,May 2019
225,Jun 2019
226,Jul 2019
227,Aug 2019
228,Sep 2019
229,Oct 2019
230,Nov 2019
231,Dec 2019
232,Jan 2020
233,Feb 2020
234,Mar 2020
235,Apr 2020
236,May 2020
237,Jun 2020
238,Jul 2020
239,Aug 2020
240,Sep 2020
241,Oct 2020
242,Nov 2020
243,Dec 2020
244,Jan 2021
245,Feb 2021
246,Mar 2021
247,Apr 2021
248,May 2021
249,Jun 2021
250,Jul 2021
,
,
,
,
,
,
,
,
,
,
,
,
,
,
,
,
,
,
,
,
,
,
,
,
,
,
,